{
    "怎么检查": [
        "我做的脐带延长手术", 
        "我做的脐带延长手术", 
        "我做的脐带延长手术", 
        "我做的脐带延长手术", 
        "我做的脐带延长手术"
    ], 
    "治疗时间次数": [
        "如果我要自己换药，伤口应该怎么处理", 
        "如果我要自己换药，伤口应该怎么处理", 
        "如果我要自己换药，伤口应该怎么处理", 
        "如果我要自己换药，伤口应该怎么处理", 
        "如果我要自己换药，伤口应该怎么处理", 
        "如果我要自己换药，伤口应该怎么处理"
    ], 
    "询问病因": [], 
    "担心医院的技术水平": [
        "在用纱布包着的", 
        "是一个光，照着没什么感觉，是红色的光", 
        "是一个光，照着没什么感觉，是红色的光", 
        "是一个光，照着没什么感觉，是红色的光", 
        "是一个光，照着没什么感觉，是红色的光"
    ], 
    "描述病情": [], 
    "我考虑下关闭": [
        "在不在", 
        "阴茎下面的", 
        "阴茎下面的", 
        "阴茎下面的", 
        "阴茎下面的", 
        "阴茎下面的", 
        "阴茎下面的", 
        "我在医院他们还给我的伤口上抹了一种药，是碘伏消毒后抹的", 
        "我在医院他们还给我的伤口上抹了一种药，是碘伏消毒后抹的", 
        "我在医院他们还给我的伤口上抹了一种药，是碘伏消毒后抹的", 
        "我在医院他们还给我的伤口上抹了一种药，是碘伏消毒后抹的", 
        "我在医院他们还给我的伤口上抹了一种药，是碘伏消毒后抹的", 
        "我在医院他们还给我的伤口上抹了一种药，是碘伏消毒后抹的"
    ], 
    "询问治疗方法": []
}