{
    "我去其他医院检查过": [
        "雾化需要用什么药呢", 
        "需要告诉雾化用什么药物吗"
    ], 
    "需要吃药么": [], 
    "怎么检查": [
        "需要手术吗"
    ], 
    "治疗时间次数": [
        "还在吗高医生"
    ], 
    "担心医院的技术水平": [
        "时间长不好会不会引发其他病呢，或者肿瘤", 
        "退烧的吗", 
        "知道了，，"
    ], 
    "准备过来": [], 
    "我考虑下关闭": [
        "昨晚还发烧了", 
        "好的谢谢医生"
    ], 
    "询问治疗方法": [
        "扁导体发炎了", 
        "吃药也不见效", 
        "到什么程度需要手术呢", 
        "什么程度需要手术呢", 
        "什么程度需要手术"
    ]
}