{
    "我去其他医院检查过": [], 
    "发送图片文件": [], 
    "怎么检查": [
        "医生你知道我是谁吧？我今早问过你的"
    ], 
    "治疗时间次数": [], 
    "自己尝试过那些治疗方法": [], 
    "描述病情": [
        "神经受损什么情况才会出现啊"
    ], 
    "我考虑下关闭": [
        "最后一个问题。"
    ], 
    "询问治疗方法": [
        "半导体激光有什么用", 
        "和神经一点关系都没有的吗"
    ]
}