{
    "严不严重": [
        "所以想快点让腿好起来", 
        "那我先吃药"
    ], 
    "对回答细节进行发问": [], 
    "询问医院地址": [
        "好的出现这个问题"
    ], 
    "我的顾虑": [], 
    "怎么收费": [], 
    "询问医院资质": [], 
    "治疗时间次数": [], 
    "询问病因": [], 
    "怀疑会不会乱收费": [], 
    "担心医院的技术水平": [
        "一生让我理疗"
    ], 
    "描述病情": [
        "您好", 
        "只有右腿", 
        "对", 
        "还有头上也有好几个包", 
        "特别痒", 
        "头上的包也是湿疹么", 
        "这个过敏", 
        "因为现在右腿正好有关节炎", 
        "可是现在腿上过敏", 
        "头上的包也是湿疹么", 
        "现在腿上这些已经反复三四个月了", 
        "一直没好", 
        "对了医生", 
        "能帮我看一下我脚上也有几个痘么", 
        "特别痒", 
        "持续有一年多了", 
        "反反复复", 
        "饮食上有什么注意的么", 
        "脖子上也有红点"
    ], 
    "我考虑下关闭": [
        "只用外用涂抹的药", 
        "奥奥", 
        "口服的药药店有卖么", 
        "奥奥", 
        "大夫，", 
        "奥奥", 
        "大夫", 
        "是皮肤病么", 
        "是细菌", 
        "饮食", 
        "奥奥", 
        "针灸", 
        "奥奥", 
        "奥奥", 
        "奥奥", 
        "奥奥", 
        "奥奥", 
        "好的", 
        "留黄水", 
        "奥奥", 
        "不是湿疹么", 
        "好的", 
        "好的", 
        "谢谢"
    ], 
    "准备过来": [
        "需要配合外用药一块儿么"
    ], 
    "询问治疗方法": [
        "嗯嗯", 
        "衣服还是什么", 
        "没法治疗", 
        "如果吃完药好了之后，如果再次接触过敏源还是会一直反复么？", 
        "我记得今年夏天的时候吃了好几次冰箱冰镇的凉西瓜，有点都快坏了，我吃完之后好像就开始有", 
        "另外医生现在腋窝", 
        "一挠就起来", 
        "嗯嗯"
    ]
}