{
    "怎么收费": [], 
    "打招呼": [], 
    "我的顾虑": [], 
    "询问医院地址": [], 
    "询问病因": [], 
    "个人信息": [], 
    "描述病情": [
        "一小块有点红", 
        "没有每次都清理", 
        "这什么情况，之前阴毛下有湿疹，", 
        "该咋办那", 
        "需要忌口吗，之前一直都保持勤清洗最近没有太注意的原因吗"
    ], 
    "我考虑下关闭": [
        "没有", 
        "好", 
        "是不是湿疹", 
        "好的谢谢医生", 
        "好的", 
        "和老婆的内裤要分开洗吗", 
        "好", 
        "关了吧"
    ], 
    "询问治疗方法": [
        "怎么用药", 
        "这种病严重吗需要去医院吗", 
        "没事了那医生"
    ]
}