{
    "严不严重": [], 
    "询问医院地址": [], 
    "打招呼": [
        "外面很快就好了"
    ], 
    "怎么检查": [
        "20岁。生完孩子四个月"
    ], 
    "我的顾虑": [], 
    "担心医院的技术水平": [
        "是不吸收才会有感觉吗", 
        "看得到线"
    ], 
    "描述病情": [
        "房事也没问题", 
        "第一张图片是第6天", 
        "有的人是说"
    ], 
    "我考虑下关闭": [
        "就是有一道成直线的疤", 
        "想想医生！", 
        "谢谢", 
        "医生", 
        "阴道里会掉线出来", 
        "摸得到", 
        "好的", 
        "谢谢医生"
    ], 
    "准备过来": [], 
    "询问治疗方法": [
        "现在没痛感", 
        "第二张是现在", 
        "是已经吸收了吧", 
        "嗯嗯"
    ]
}