{
    "我去其他医院检查过": [], 
    "打招呼": [], 
    "发送图片文件": [], 
    "怎么检查": [
        "好的。", 
        "是的。", 
        "怎么弄？", 
        "会被别人误会。", 
        "我相信你主治医生的。", 
        "不瘙痒。"
    ], 
    "治疗时间次数": [
        "属于皮炎吧。", 
        "在吗？睡觉吧。", 
        "你从来没有接触到我这个病症吗？", 
        "对不起，那我这个属哪个科呢？不属泌尿科吧。"
    ], 
    "自己尝试过那些治疗方法": [], 
    "询问病因": [], 
    "担心医院的技术水平": [
        "治疗什么的？"
    ], 
    "描述病情": [
        "得先消肿。", 
        "三天", 
        "有心思睡不着觉。", 
        "过敏"
    ], 
    "我考虑下关闭": [
        "对的。", 
        "不太痒。", 
        "什么药物？", 
        "睡觉吧。谢谢！"
    ], 
    "询问医院资质": [
        "你还有好的建议吗，除了去医院。", 
        "咨询了，医生说属于皮肤科。", 
        "咨询了，医生说属于皮肤科。", 
        "咨询了，医生说属于皮肤科。", 
        "咨询了，医生说属于皮肤科。"
    ], 
    "询问治疗方法": [
        "有时痒的。"
    ]
}