{
    "打招呼": [
        "因为我们今天没在家，在外面，没地方买药，我给滴了一滴香油，可以吗？", 
        "金霉素是在眼睛里挤的那个吗？"
    ], 
    "需要吃药么": [], 
    "怎么检查": [], 
    "治疗时间次数": [], 
    "担心医院的技术水平": [
        "我刚在先给他滴了一滴香油，能行吗？"
    ], 
    "描述病情": [
        "可能是昨天我们出去拍周岁照，拍了一天，我没在，婆婆忘记给他换尿不湿，早上出去，晚上九点多回来才换的，所以他小鸡鸡可能捂着了", 
        "是干净的油"
    ], 
    "我考虑下关闭": [
        "好的，谢谢您了", 
        "好的，谢谢您了", 
        "好的，谢谢您", 
        "好嘞", 
        "晚安"
    ], 
    "准备过来": [
        "好，谢谢"
    ], 
    "不方便过来": [], 
    "询问治疗方法": [
        "没穿尿不湿"
    ]
}