{
    "严不严重": [], 
    "怎么检查": [], 
    "万一治不好怎么办": [], 
    "询问医保使用": [], 
    "不方便接电话": [], 
    "我去其他医院检查过": [
        "全露出来的话，在空气中马上就变干了，以前不会的", 
        "用棉签涂上去的", 
        "嗯，好的！那我稀释后用用！", 
        "按摩的说我湿气重"
    ], 
    "治疗时间次数": [
        "还有用这个还要用多久？", 
        "好吧！我可能肉类吃多了"
    ], 
    "愤怒关闭": [], 
    "我的顾虑": [
        "跟我龟头那个真菌有关系吗"
    ], 
    "怀疑会不会乱收费": [], 
    "担心医院的技术水平": [
        "这个溶液没杀掉的", 
        "就是那个露在空气中变很干，这个用不用都一样", 
        "干了之后就会发痒了", 
        "我想问下，我不用之前那个露在空气中，干燥起皮是啥原因啊", 
        "我想问下，我不用之前那个露在空气中，干燥起皮是啥原因啊", 
        "这个是因为啥原因啊", 
        "是身体内湿气重吗？"
    ], 
    "描述病情": [
        "包着就不痒，不干了", 
        "大概露出来半分钟就出现情况！", 
        "用着和不用，露在空气中都是这样啊，我没用之前是会红，痒，脱皮！", 
        "四天了吧，第二天就不脱皮没垢了", 
        "医生也没给我开点消炎药", 
        "龟头和冠状处好像都会有点，仔细看看的出来", 
        "洗完三天后，停用后，大概几天这个干燥情况会消失啊，如果又出现痒该如何应对", 
        "一天一次？", 
        "一天洗一次吗", 
        "对了", 
        "还有大腿股勾", 
        "抓没用，好像不在表面", 
        "还好吧", 
        "突然痒下", 
        "手臂都有点脱皮，还有额头"
    ], 
    "我考虑下关闭": [
        "冠状链接处那还会干的变硬，皮也是！", 
        "就会变痒，", 
        "一天可能有那么一两次", 
        "干燥那种", 
        "肝胆不好", 
        "好的，多谢"
    ], 
    "准备过来": [], 
    "询问治疗方法": [
        "这么干，感觉脖起来会裂，我就让它包着了", 
        "然后就又用了那个溶液了", 
        "停用之后呢", 
        "需不需要吃药的", 
        "是啥情况啊", 
        "嗯，行！"
    ]
}