{
    "严不严重": [
        "还想问一下"
    ], 
    "发送图片文件": [], 
    "需要吃药么": [], 
    "我去其他医院检查过": [], 
    "自己尝试过那些治疗方法": [], 
    "询问病因": [], 
    "询问治疗效果": [], 
    "担心医院的技术水平": [
        "请问真的是这样吗", 
        "没有问题了"
    ], 
    "描述病情": [
        "这两天忽然左侧大腿内侧长了很多的红疹", 
        "请问手淫频繁会引起发炎吗", 
        "但是性交不会对身体不好"
    ], 
    "我考虑下关闭": [
        "好的", 
        "谢谢您", 
        "好的", 
        "谢谢"
    ], 
    "准备过来": [], 
    "询问治疗方法": [
        "请问需要用药吗", 
        "请问如果没有射精也算是手淫吗"
    ]
}