{
    "严不严重": [], 
    "我去其他医院检查过": [
        "天天给他充洗、"
    ], 
    "stop to say": [], 
    "治疗时间次数": [
        "还有我自己8月底做了包皮手术，之前龟头比较敏感，射精痛，现在有时候还会敏感，射完后不敢动龟头"
    ], 
    "个人信息": [], 
    "准备过来": [], 
    "我考虑下关闭": [
        "好的"
    ], 
    "描述病情": [
        "对生殖器不会有影响吧！"
    ], 
    "询问治疗方法": [
        "今天洗了包皮垢出来了很多", 
        "刚才给擦了红霉素眼膏"
    ]
}