{
    "打招呼": [], 
    "怎么检查": [
        "17岁。做了双眼皮全切手术，今天是第二天，想把纱布取下来但是跟血痂粘在一起了，该怎么办？硬撕吗？", 
        "我怎么办"
    ], 
    "治疗时间次数": [], 
    "描述病情": [
        "在家里", 
        "有段时间了"
    ], 
    "我考虑下关闭": [
        "硬撕吗", 
        "纱布跟血痂粘在一起了", 
        "有的", 
        "以前买过"
    ], 
    "询问治疗方法": []
}