{
    "严不严重": [
        "那龟头脱落黄皮是怎么回事", 
        "我现在天天都用碘伏消毒"
    ], 
    "怎么检查": [], 
    "治疗时间次数": [], 
    "询问病因": [], 
    "个人信息": [], 
    "描述病情": [
        "而且包纱布", 
        "是术后10天后还是从今天算起"
    ], 
    "我考虑下关闭": [
        "我这个没有感染对吗", 
        "如果去拆线什么时候能拆", 
        "好的", 
        "感谢您", 
        "好的"
    ], 
    "准备过来": [], 
    "询问治疗方法": [
        "自动脱落好还是拆线恢复好", 
        "嗯"
    ]
}