{
    "严不严重": [
        "那这两种不是咯"
    ], 
    "我去其他医院检查过": [
        "那我就剥开吃好了"
    ], 
    "怎么检查": [], 
    "自己尝试过那些治疗方法": [
        "可以剥开吃吗", 
        "因为我看网上说那两种不能剥开吃", 
        "不能剥开吃"
    ], 
    "担心医院的技术水平": [
        "饭后就可以吗", 
        "我是说", 
        "没有了"
    ], 
    "询问医院资质": [], 
    "我考虑下关闭": [
        "是饭后啊", 
        "恩知道", 
        "胶囊很难吞下去", 
        "确定不是吗", 
        "吞不下去", 
        "恩"
    ], 
    "描述病情": [
        "主要是吃药", 
        "这两种不是肠溶性和缓释胶囊吧", 
        "肠溶性和缓释", 
        "肠溶性胶囊和缓释胶囊"
    ]
}