{
    "我去其他医院检查过": [], 
    "怎么收费": [], 
    "需要吃药么": [], 
    "怎么检查": [
        "医生没有开消炎的药，就是做完了打了消炎针", 
        "有时候龟头还有点发亮.."
    ], 
    "担心医院的技术水平": [
        "一般这种情况几天会消失呢", 
        "没有说让复查"
    ], 
    "询问医院资质": [
        "会不会是手术没有做好，把尿道破坏了？？", 
        "大概会疼几天啊？"
    ], 
    "我考虑下关闭": [
        "就是一直滴尿才咨询的", 
        "没有", 
        "我感觉龟头通红..感觉是胀的！"
    ], 
    "描述病情": [
        "有疼痛感了就应该是麻药醒了呀，怎么还会滴尿呢", 
        "这和紧张有关系？", 
        "像这种局部麻醉多长时间之后就失效了？感觉现在有点疼！"
    ], 
    "询问治疗方法": [
        "医生今天没开药.但是打消炎药了."
    ]
}