{
    "严不严重": [
        "如果霉菌感染呢？"
    ], 
    "我去其他医院检查过": [], 
    "怎么检查": [
        "下步怎么办？", 
        "有些萎缩了怎么办？", 
        "没有好的办法？", 
        "不手术！", 
        "心理？"
    ], 
    "治疗时间次数": [], 
    "我的顾虑": [
        "这么严重的，治疗到何时啊？"
    ], 
    "询问治疗效果": [
        "再长下去，真的受不了。"
    ], 
    "担心医院的技术水平": [
        "十九天了。", 
        "两周后肯定恢复？", 
        "精神崩溃了。"
    ], 
    "描述病情": [
        "再拍一下系带处，可？", 
        "炎症大概差不多了。"
    ], 
    "我考虑下关闭": [
        "能够正常性生活吗？", 
        "稍等。", 
        "急！", 
        "转为慢性疾病吗？", 
        "为何感觉阳缩？", 
        "如果发生阳萎怎办？", 
        "有卖吗？", 
        "高锰酸钾溶液有刺激性的？", 
        "谢谢"
    ], 
    "询问医院资质": [
        "照片可能看不清楚。", 
        "能同房吗？", 
        "能恢复正常吗？", 
        "看照片判断的。", 
        "盐水可以吗？"
    ], 
    "询问治疗方法": [
        "五十多了，没必要了。", 
        "现已经不能正常勃起了。急"
    ]
}