{
    "询问医院地址": [
        "我想问，男方有包皮过长会引起女方感染霉菌吗？", 
        "那前提是我自己应该有霉菌才可能啊", 
        "那我不发病的话能检查出吗？"
    ], 
    "打招呼": [], 
    "万一治不好怎么办": [
        "我不懂啊", 
        "几天"
    ], 
    "不方便接电话": [], 
    "怎么检查": [
        "【收到不支持的消息类型，暂无法显示】"
    ], 
    "治疗时间次数": [
        "那做包皮手术是不是还要检查性病查血啊？常阿姨"
    ], 
    "担心医院的技术水平": [], 
    "描述病情": [
        "我内心不强大，之前都找过常阿姨聊过！", 
        "现在这种天气应该刚好吧？", 
        "我想还是去市里面切算了", 
        "对了", 
        "霉菌和盆腔问题呢", 
        "来月经那几天输液", 
        "然后上个星期输液了5天", 
        "就是输液才引起霉菌的吧？", 
        "肚子爱疼", 
        "那盆腔积液呢，老婆经常说肚子不舒服有点疼！", 
        "如果是慢性盆腔炎引起的盆腔积液"
    ], 
    "我考虑下关闭": [
        "我老婆不养，就有白带，检查就有这个了！", 
        "好的", 
        "不太冷", 
        "不知道县城切包皮设备好不好！", 
        "大医院", 
        "额，", 
        "常阿姨", 
        "我叫老婆给我单子图", 
        "好的", 
        "好吧！", 
        "谢谢常阿姨", 
        "知道了", 
        "好的."
    ], 
    "询问治疗方法": [
        "才有那种", 
        "现在当地医生也说", 
        "不能输液治疗盆腔积液了", 
        "现在怎么处理", 
        "检查过了！", 
        "当时就说", 
        "月经那就好", 
        "是不是积液严重", 
        "常阿姨给我个治疗方案", 
        "嗯嗯", 
        "那就没办法治疗好了吗？", 
        "或者该怎么注意和防范？"
    ]
}