{
    "我去其他医院检查过": [], 
    "询问医院地址": [], 
    "怎么检查": [
        "没有。"
    ], 
    "治疗时间次数": [
        "上次手术只是把手筋保护到了。"
    ], 
    "担心医院的技术水平": [
        "手背的肉长起来了。", 
        "打扰了。"
    ], 
    "描述病情": [
        "20.天", 
        "这是术后11天的图片", 
        "2甲都不是。"
    ], 
    "我考虑下关闭": [
        "那就是不对了。要换科室是吗", 
        "好的"
    ], 
    "询问治疗方法": []
}