{
    "怎么检查": [], 
    "询问医院地址": [], 
    "发送图片文件": [
        "手术后有图片吗。你"
    ], 
    "需要吃药么": [], 
    "万一治不好怎么办": [], 
    "我去其他医院检查过": [
        "缝合的话手指就短了，医生说"
    ], 
    "询问病因": [], 
    "描述病情": [
        "没伤到骨头。甲床破了。说是漏了一点点骨头。", 
        "昨天清洗了三遍", 
        "输液两天了", 
        "我也没听清。说是长几天看看。不行做手术", 
        "嗯。昨天输了。现在正在输", 
        "行。我再打上一星期。看看"
    ], 
    "我考虑下关闭": [
        "医生没说。", 
        "超24也行啊", 
        "光打的消炎的", 
        "过几天不会耽误病情把", 
        "不会特难看吧", 
        "有什么促进伤口愈合的吗，", 
        "有必要开药吗", 
        "几率", 
        "谢谢。"
    ], 
    "准备过来": [
        "我体质太容易复发。"
    ], 
    "询问治疗方法": [
        "什么情况下不用手术", 
        "这种手术有全名吗", 
        "我现在除了打针。也没喝药", 
        "预防发言呢。怎么预防", 
        "一点小口都不愈合"
    ]
}