{
    "严不严重": [], 
    "我去其他医院检查过": [], 
    "询问医院地址": [
        "我是这样子的", 
        "我觉得我打一次我放心些"
    ], 
    "打招呼": [
        "我明天去咨询吧"
    ], 
    "我的顾虑": [], 
    "万一治不好怎么办": [
        "然后我大概过了半个小时用水清洗过了", 
        "那可以在再后背坨托处在打免疫球蛋白吗"
    ], 
    "怎么收费": [
        "是需要多少钱被", 
        "我忘记多少钱了"
    ], 
    "准备过来": [], 
    "怎么检查": [
        "主要是狗还没有打疫苗"
    ], 
    "stop to say": [], 
    "治疗时间次数": [
        "但是还没有产生抗体啊", 
        "就是明天早上八点"
    ], 
    "询问病因": [], 
    "个人信息": [], 
    "担心医院的技术水平": [
        "万一口水进入那个坨坨的伤口内", 
        "会产生这种情况吗", 
        "没有问题了"
    ], 
    "询问医院资质": [], 
    "我考虑下关闭": [
        "然后手抠破了后背的一个红色的坨坨", 
        "有医生吗", 
        "坨", 
        "当时", 
        "狂犬病免疫蛋白", 
        "跟狂犬疫苗第一针", 
        "免疫蛋白打在的伤口附近", 
        "今天晚上碰到了狗的口水", 
        "然后侵入我的神经系统", 
        "就侵入我的大脑神经了", 
        "免疫球蛋白", 
        "打两次免疫球蛋白有事吗", 
        "我今天刚打的疫苗", 
        "就是说", 
        "我在我扣破的坨坨附近打免疫球蛋白", 
        "就可以防止狂犬病毒是吗", 
        "免疫球蛋白", 
        "我是打了五支", 
        "就是一千五是吧", 
        "好的", 
        "尽快打蛋白就越好是吗", 
        "好的"
    ], 
    "描述病情": [
        "狗咬了一个矿泉水瓶子", 
        "我从口里面把瓶子拿出来", 
        "这种情况不会感染狂犬病吗", 
        "我前几天腿上有一个伤口被狗舔了", 
        "然后开始繁殖狂犬病毒", 
        "是百分百不会产生这种情况吗", 
        "就是不会说就是口水里有狂犬病毒", 
        "然后从坨托的伤口进入", 
        "开始繁殖狂犬病毒", 
        "就怕过了两天", 
        "是打在了大腿上面", 
        "身体里面都会有抗体吗", 
        "是不是在后背坨坨处打了免疫球蛋白", 
        "身体里面都会有抗体吗", 
        "那我只要是在24小时在坨托附近打入免疫球蛋白就可以防止狂犬病毒是吗"
    ], 
    "不方便过来": [], 
    "询问治疗方法": [
        "忘记洗手了", 
        "然后手扣破了后背的一个红色的脱", 
        "然后就立马就扣了后背的红色的坨托", 
        "扣出血了", 
        "过了五天", 
        "也就是今天下午刚去打的", 
        "然后就把后背的坨扣破了", 
        "打了免疫蛋白", 
        "就可以防止狂犬病毒的生长呢", 
        "那打了免疫球蛋白", 
        "呢", 
        "24小时内", 
        "今天关门了", 
        "嗯"
    ]
}