{
    "严不严重": [
        "比银行存定期利息高"
    ], 
    "发送图片文件": [], 
    "万一治不好怎么办": [], 
    "询问医院资质": [], 
    "怎么检查": [
        "竞赛？"
    ], 
    "治疗时间次数": [
        "姐，不然怎么办呢", 
        "我早上去了单位"
    ], 
    "强调其他家费用低廉": [
        "借给人家十万，"
    ], 
    "自己尝试过那些治疗方法": [
        "毛爷爷万岁", 
        "毛爷爷万岁"
    ], 
    "担心医院的技术水平": [
        "学好能有啥用", 
        "这个不错", 
        "拿去放水了，", 
        "完蛋了，今天忘记买彩票了"
    ], 
    "描述病情": [
        "有奖金不", 
        "那你起劲个毛线", 
        "又没有拿人民币", 
        "又不会变人民币", 
        "现在理财都差不多", 
        "哪家银行都差不多", 
        "有闲钱就放支付宝", 
        "差不多", 
        "反正一万块一年四个多点", 
        "随时随地都可以拿出来用", 
        "又饿了"
    ], 
    "我考虑下关闭": [
        "哈哈哈哈哈哈", 
        "以前用过的，", 
        "在香港买的", 
        "不清楚", 
        "就是上个香", 
        "你", 
        "明天考鸭蛋", 
        "知识能当人民币花？", 
        "姐，你可以做点理财", 
        "姐，你有支付宝吗", 
        "愁啥", 
        "姐，你去申请支付宝", 
        "一千块钱起步价", 
        "你看看", 
        "就是放高利贷", 
        "我的利息也不高", 
        "放支付宝", 
        "恩", 
        "你看看呗！", 
        "放余额宝里", 
        "支付宝里的余额宝", 
        "中国队比赛的彩票", 
        "难得买"
    ], 
    "准备过来": [], 
    "询问治疗方法": [
        "把钱包也用酒精擦了擦", 
        "就是呢", 
        "今天没去单位", 
        "今天热死了", 
        "就零蛋", 
        "你弟弟我现在满脑子就是人民币", 
        "你去支付宝上买理财", 
        "收益也不错的", 
        "嗯嗯嗯", 
        "除非被你孩子花了", 
        "今天不买了"
    ]
}