{
    "打招呼": [], 
    "我去其他医院检查过": [
        "停药一周"
    ], 
    "治疗时间次数": [
        "早上咳嗽", 
        "多久宝宝查有没有抗体呢"
    ], 
    "询问医院资质": [
        "能打吗"
    ], 
    "我考虑下关闭": [
        "就是问问", 
        "管", 
        "好的", 
        "好的"
    ], 
    "描述病情": [
        "家里有乙肝患者", 
        "抗体换几年呢？", 
        "如果有抗体，这几年不用再化验了吗"
    ], 
    "询问治疗方法": [
        "吃药不管用", 
        "打了两针乙肝了", 
        "化验乙肝五项吗", 
        "没事了"
    ]
}