{
    "怎么收费": [], 
    "打招呼": [], 
    "需要吃药么": [], 
    "万一治不好怎么办": [], 
    "治疗时间次数": [], 
    "个人信息": [], 
    "询问医院资质": [
        "绝对会有足量的抗体？是吗？医生"
    ], 
    "我考虑下关闭": [
        "哦", 
        "哦", 
        "谢谢"
    ], 
    "准备过来": [], 
    "描述病情": [
        "不测我怕有影响，就是我上面说的这些事真不会对疫苗产生影响？医生", 
        "我开宠物店的，我每半年就加强注射狂犬疫苗2针，这一直都有2年了，医生", 
        "意思就是上面说这些，都不会影响这次加强注射狂犬抗体产生吧"
    ], 
    "询问治疗方法": []
}