{
    "严不严重": [], 
    "打招呼": [], 
    "万一治不好怎么办": [
        "我干他的"
    ], 
    "治疗时间次数": [
        "可以帮我转出患者吗"
    ], 
    "个人信息": [], 
    "担心医院的技术水平": [], 
    "询问医院资质": [], 
    "我考虑下关闭": [
        "我也不确定他", 
        "谢谢", 
        "好担心", 
        "谢谢"
    ], 
    "询问治疗方法": [
        "有没有HIV", 
        "嗯嗯,我的概率呢？", 
        "对方不知道有没有HIV"
    ]
}