{
    "严不严重": [], 
    "我去其他医院检查过": [], 
    "询问医院地址": [], 
    "怎么检查": [], 
    "怀疑会不会乱收费": [
        "这么贵啊"
    ], 
    "描述病情": [
        "那会不会有事呢", 
        "如果在打针期间被咬了，有没有事", 
        "发作", 
        "就是小伤口", 
        "一点点", 
        "每个狗身上都有狂犬病毒吗", 
        "我都问了几个医生了", 
        "狂犬病有哪些症状", 
        "为什么有些过了几年才发作吗"
    ], 
    "我考虑下关闭": [
        "我已经打了5针了", 
        "不用打免疫球蛋白吗", 
        "哦", 
        "哦", 
        "哦"
    ], 
    "询问治疗方法": [
        "那没事了"
    ]
}