{
    "万一治不好怎么办": [], 
    "我去其他医院检查过": [
        "我肝脏受到损伤继续吃下去损伤不会更大吗？", 
        "保肝有什么药？两种药能一起吃吗？"
    ], 
    "治疗时间次数": [], 
    "自己尝试过那些治疗方法": [], 
    "个人信息": [], 
    "担心医院的技术水平": [
        "这个会对肝脏有损害吗，我肝已经受到损伤了，有时候肝脏有点不舒服"
    ], 
    "描述病情": [], 
    "我考虑下关闭": [
        "现在定量是***吗？我看不懂"
    ], 
    "准备过来": [], 
    "询问治疗方法": [
        "肝功能正常，小三阳", 
        "现在停了半年", 
        "没添加，吃了转阴，停药就转阳"
    ]
}