{
    "我去其他医院检查过": [], 
    "我的顾虑": [], 
    "个人信息": [
        "怎么办，是不是很严重，很担心"
    ], 
    "担心医院的技术水平": [
        "我这个用不用抗病毒啊"
    ], 
    "描述病情": [
        "就转氨酶有点高，其他的都正常"
    ], 
    "我考虑下关闭": [
        "噢！", 
        "好的", 
        "噢", 
        "好的", 
        "恩", 
        "再见"
    ], 
    "询问医院资质": [], 
    "询问治疗方法": []
}