{
    "我去其他医院检查过": [], 
    "怎么收费": [
        "看到那些疾病"
    ], 
    "询问医院地址": [], 
    "怎么检查": [
        "那梅毒还有没有间接接触感染的啊？"
    ], 
    "治疗时间次数": [
        "我看说梅毒会通过共用毛巾传染？"
    ], 
    "自己尝试过那些治疗方法": [], 
    "我的顾虑": [], 
    "询问治疗效果": [], 
    "担心医院的技术水平": [
        "梅毒不是说有间接传染的吗", 
        "我手碰了大家都会碰的电梯，然后手又不经意的碰到伤口", 
        "丙肝这些传染病啊", 
        "就是稍稍看了一下资料，百度了一下", 
        "这些传染病就只有上述三种传染方式了？", 
        "狂犬病的潜伏期会有十年的吗"
    ], 
    "描述病情": [
        "然后就想电梯扶手上会不会有体液血液那些", 
        "母婴也不会", 
        "还是都是那三种传播方式", 
        "接触并不会"
    ], 
    "我考虑下关闭": [
        "我的情况是这样的", 
        "抹布擦的那种", 
        "我最近很怪异", 
        "有时是这样的", 
        "哦哦", 
        "哦哦", 
        "感觉被您这样肯定一说", 
        "我之前也没有这样过", 
        "是的啊", 
        "我一开始其实是从医院开始担心的", 
        "共用剃须刀", 
        "好的", 
        "十几年", 
        "谢谢医生了"
    ], 
    "准备过来": [
        "医院的电梯扶手，我想想那个扶手上说不定会有病人的那些病毒"
    ], 
    "询问治疗方法": [
        "还是血液接触伤口就会", 
        "心里踏实了很多", 
        "想到自己有伤口什么的，接触到病毒，就担心了", 
        "嗯嗯", 
        "嗯嗯", 
        "还有一个就是", 
        "嗯嗯", 
        "那没有问题了"
    ]
}