{
    "我去其他医院检查过": [], 
    "担心医院的技术水平": [], 
    "描述病情": [
        "红印子就是狗狗挠的，伤口是之前撞的", 
        "之前我女朋有被狗狗挠出血，后来忘了打，没啥事", 
        "大概一个月前"
    ], 
    "我考虑下关闭": [
        "好的"
    ], 
    "准备过来": [], 
    "询问治疗方法": [
        "没打过", 
        "之前问的医生说家养幼犬，加上挠上，可以不用打，正常消毒就行"
    ]
}