{
    "打招呼": [], 
    "怎么检查": [
        "怕光是痉挛还是心慌？", 
        "我的情况是完全排除的是吗。？", 
        "没有什么前期，直接发病是吗"
    ], 
    "怀疑会不会乱收费": [
        "就是直接发病"
    ], 
    "描述病情": [
        "两个月了", 
        "已经两个月了。我家里人都被抓过，他们都没事，是不是我想太多了"
    ], 
    "我考虑下关闭": [
        "狂犬病的", 
        "不是安慰吧？", 
        "不会是心慌", 
        "哦哦哦，好", 
        "谢谢", 
        "没有什么前期症状", 
        "好嘞", 
        "好"
    ], 
    "询问医院资质": [], 
    "询问治疗方法": []
}