{
    "严不严重": [], 
    "描述病情": [], 
    "我考虑下关闭": [
        "到22号我已经打了两针了", 
        "我知道", 
        "会不会得病", 
        "好的，", 
        "好的"
    ], 
    "愤怒关闭": [], 
    "询问治疗方法": [
        "嗯，过了十分钟就洗手了", 
        "用香皂洗了，我当时也不懂就洗了两遍但是时间不长", 
        "但是我现在担心我自己", 
        "狂犬病没有那么容易得吧", 
        "嗯嗯", 
        "多谢医生了"
    ]
}