{
    "严不严重": [], 
    "怎么收费": [], 
    "怎么检查": [], 
    "个人信息": [], 
    "担心医院的技术水平": [
        "吗"
    ], 
    "询问医院资质": [], 
    "我考虑下关闭": [
        "注射狂犬疫苗还有效果吗", 
        "就是说我现在去注射也是可以的是吧", 
        "在吗医生", 
        "就是说", 
        "病毒是不会侵入神经的是吧", 
        "好的"
    ], 
    "描述病情": [
        "我隔了四天打疫苗还来得及没钱"
    ], 
    "询问治疗方法": [
        "还有就是", 
        "我现在已经过了四天了", 
        "是不是就不会发病了呢", 
        "病毒到了神经", 
        "我现在只要马上打疫苗", 
        "才四天狂犬病毒", 
        "就是说我现在只要打了疫苗产生了抗体就没事了是吗", 
        "嗯"
    ]
}