{
    "怎么收费": [
        "这个月21打完了", 
        "破了点皮"
    ], 
    "询问医保使用": [], 
    "我去其他医院检查过": [], 
    "治疗时间次数": [
        "如果真的很害怕怎么办"
    ], 
    "自己尝试过那些治疗方法": [
        "是不是吃的有点多呢", 
        "怕吃的太辣会影响", 
        "我上百度上看，说吃辣会导致病毒更快发展", 
        "吃了，后我有点反胃"
    ], 
    "怀疑会不会乱收费": [], 
    "担心医院的技术水平": [
        "这里的医生说去问疾病控制中心，她们只负责开药给打"
    ], 
    "描述病情": [
        "为什么有的疾病控制中心不帮打要去"
    ], 
    "我考虑下关闭": [
        "我第一次打了俩针，这个月7号滴2针，21号第三针", 
        "那我这样的没事吧"
    ], 
    "准备过来": [
        "医院不给打加强针", 
        "医院不给打加强针"
    ], 
    "询问治疗方法": [
        "就21号前一天中午吃了辣", 
        "疾病控制中心呢", 
        "没出血", 
        "就是一直纠结吃了辣那个事", 
        "在什么情况下才要打加强针呢", 
        "没出血，", 
        "现在头痛晕沉的"
    ]
}