{
    "我去其他医院检查过": [
        "打针期间我给她炖过牛肉，也熬过鱼汤，这些有问题吗"
    ], 
    "治疗时间次数": [], 
    "愤怒关闭": [], 
    "担心医院的技术水平": [], 
    "描述病情": [
        "还有一个问题，西安之前出了个事情，一个女子打了狂犬疫苗，但在打第五针的前一天却发病死了，新闻报道说疫苗没问题，伤口也正规处理了。这个又是怎么回事呢？"
    ], 
    "我考虑下关闭": [], 
    "准备过来": []
}