{
    "怎么收费": [], 
    "询问医院地址": [], 
    "我去其他医院检查过": [], 
    "stop to say": [], 
    "治疗时间次数": [
        "他说自己没有HIV", 
        "没有最好，如果没有说谎的话"
    ], 
    "自己尝试过那些治疗方法": [
        "因为没有认识很久，大概认识才一周"
    ], 
    "我的顾虑": [], 
    "怀疑会不会乱收费": [], 
    "担心医院的技术水平": [
        "没事吗"
    ], 
    "描述病情": [
        "对。。", 
        "我现在是不是买个试纸试一下，医生有什么建议吗", 
        "但是有牙龈出血", 
        "刷牙时候有血", 
        "这几天即担心又焦虑", 
        "都想自杀了"
    ], 
    "我考虑下关闭": [
        "别", 
        "好的医生", 
        "口对方", 
        "不知道对方是不是有HIV", 
        "是我给对方口交。。", 
        "没有", 
        "没有", 
        "谢谢医生耐心解答", 
        "好的", 
        "好的", 
        "好的", 
        "暂时没有了谢谢医生", 
        "好的", 
        "没事的谢谢你了"
    ], 
    "准备过来": [
        "然后这是第一次这样，感觉自己堕落了。。。。"
    ], 
    "询问治疗方法": [
        "没有射精，但是有一些液体", 
        "现在后悔死了。", 
        "以后不会了", 
        "嗯呢", 
        "嗯嗯"
    ]
}