{
    "对回答细节进行发问": [], 
    "我去其他医院检查过": [], 
    "怎么收费": [], 
    "怎么检查": [
        "哦哦，好嘞，感谢感谢，那我下个月去查查吧"
    ], 
    "治疗时间次数": [
        "到医院怎么说，就是检查艾滋吗", 
        "一般如果感染艾滋多久会发病呢"
    ], 
    "自己尝试过那些治疗方法": [
        "去了医院怎么说……不好意思说查艾滋"
    ], 
    "担心医院的技术水平": [
        "以后再也不进行这种危险性行为了，太后怕，"
    ], 
    "准备过来": [
        "哦哦，好嘞，谢谢"
    ], 
    "我考虑下关闭": [
        "这样不会有感染概率吗", 
        "这种我摸了他再摸了自己下体这种不算是间接接触吗", 
        "忘记了，可能是有，就是摘了套以后，清洗之前", 
        "唉", 
        "可能性不大是吧", 
        "好嘞，明白了，谢谢，感觉好害怕，还得等一个月……"
    ], 
    "描述病情": [], 
    "询问治疗方法": []
}